"0","genotype_info <- readDNAStringSet(""data/Clones_MHC_ArGa_exon_20210319.fas"")"
"1","DNAStringSet"
"1",""
"1"," object of length "
"1",""
"1","6"
"1","    "
"1",""
"1","width"
"1"," seq                                                                                                               "
"1",""
"1","names               "
"1","
"
"1","[1]"
"1",""
"1"," "
"2","Fehler in gregexpr(calltext, singleline, fixed = TRUE) : 
  regulÃ¤rer Ausdruck ist kein gÃ¼ltiges UTF-8
"
"2","Fehler in gregexpr(calltext, singleline, fixed = TRUE) : 
  regulÃ¤rer Ausdruck ist kein gÃ¼ltiges UTF-8
"
"1",""
"1","  270"
"1",""
"1"," "
"1",""
"1","[48;5;217m[30mA[39m[49m[48;5;159m[30mG[39m[49m[48;5;159m[30mG[39m[49m[48;5;217m[30mA[39m[49m[48;5;223m[30mT[39m[49m[48;5;223m[30mT[39m[49m[48;5;223m[30mT[39m[49m[48;5;157m[30mC[39m[49m[48;5;159m[30mG[39m[49m[48;5;223m[30mT[39m[49m[48;5;159m[30mG[39m[49m[48;5;223m[30mT[39m[49m[48;5;223m[30mT[39m[49m[48;5;157m[30mC[39m[49m[48;5;157m[30mC[39m[49m[48;5;217m[30mA[39m[49m[48;5;159m[30mG[39m[49m[48;5;223m[30mT[39m[49m[48;5;223m[30mT[39m[49m[48;5;223m[30mT[39m[49m[48;5;217m[30mA[39m[49m[48;5;217m[30mA[39m[49m[48;5;159m[30mG[39m[49m[48;5;159m[30mG[39m[49m[48;5;159m[30mG[39m[49m[48;5;157m[30mC[39m[49m[48;5;159m[30mG[39m[49m[48;5;217m[30mA[39m[49m[48;5;159m[30mG[39m[49m[48;5;223m[30mT[39m[49m[48;5;159m[30mG[39m[49m[48;5;157m[30mC[39m[49m[48;5;223m[30mT[39m[49m[48;5;217m[30mA[39m[49m[48;5;157m[30mC[39m[49m[48;5;223m[30mT[39m[49m[48;5;223m[30mT[39m[49m[48;5;157m[30mC[39m[49m[48;5;217m[30mA[39m[49m[48;5;157m[30mC[39m[49m[48;5;157m[30mC[39m[49m[48;5;217m[30mA[39m[49m[48;5;217m[30mA[39m[49m[48;5;157m[30mC[39m[49m[48;5;159m[30mG[39m[49m[48;5;159m[30mG[39m[49m[48;5;159m[30mG[39m[49m[48;5;217m[30mA[39m[49m[48;5;157m[30mC[39m[49m[48;5;159m[30mG[39m[49m[48;5;159m[30mG[39m[49m[48;5;217m[30mA[39m[49m[48;5;159m[30mG[39m[49m[48;5;157m[30mC[39m[49m[48;5;159m[30mG[39m[49m...[48;5;217m[30mA[39m[49m[48;5;157m[30mC[39m[49m[48;5;159m[30mG[39m[49m[48;5;159m[30mG[39m[49m[48;5;223m[30mT[39m[49m[48;5;159m[30mG[39m[49m[48;5;223m[30mT[39m[49m[48;5;159m[30mG[39m[49m[48;5;157m[30mC[39m[49m[48;5;217m[30mA[39m[49m[48;5;159m[30mG[39m[49m[48;5;217m[30mA[39m[49m[48;5;157m[30mC[39m[49m[48;5;217m[30mA[39m[49m[48;5;157m[30mC[39m[49m[48;5;217m[30mA[39m[49m[48;5;217m[30mA[39m[49m[48;5;157m[30mC[39m[49m[48;5;223m[30mT[39m[49m[48;5;217m[30mA[39m[49m[48;5;223m[30mT[39m[49m[48;5;159m[30mG[39m[49m[48;5;159m[30mG[39m[49m[48;5;159m[30mG[39m[49m[48;5;217m[30mA[39m[49m[48;5;217m[30mA[39m[49m[48;5;223m[30mT[39m[49m[48;5;159m[30mG[39m[49m[48;5;217m[30mA[39m[49m[48;5;159m[30mG[39m[49m[48;5;159m[30mG[39m[49m[48;5;217m[30mA[39m[49m[48;5;159m[30mG[39m[49m[48;5;217m[30mA[39m[49m[48;5;159m[30mG[39m[49m[48;5;217m[30mA[39m[49m[48;5;217m[30mA[39m[49m[48;5;157m[30mC[39m[49m[48;5;159m[30mG[39m[49m[48;5;217m[30mA[39m[49m[48;5;157m[30mC[39m[49m[48;5;157m[30mC[39m[49m[48;5;223m[30mT[39m[49m[48;5;223m[30mT[39m[49m[48;5;159m[30mG[39m[49m[48;5;157m[30mC[39m[49m[48;5;217m[30mA[39m[49m[48;5;159m[30mG[39m[49m[48;5;157m[30mC[39m[49m[48;5;159m[30mG[39m[49m[48;5;159m[30mG[39m[49m[48;5;157m[30mC[39m[49m[48;5;159m[30mG[39m[49m[48;5;217m[30mA[39m[49m[48;5;159m[30mG[39m[49m"
"1"," "
"1",""
"1","AGF11008-C1-I_Klo..."
"1","
"
"1","[2]"
"1",""
"1"," "
"1",""
"1","  270"
"1",""
"1"," "
"1",""
"1","[48;5;217m[30mA[39m[49m[48;5;159m[30mG[39m[49m[48;5;159m[30mG[39m[49m[48;5;217m[30mA[39m[49m[48;5;223m[30mT[39m[49m[48;5;223m[30mT[39m[49m[48;5;223m[30mT[39m[49m[48;5;157m[30mC[39m[49m[48;5;159m[30mG[39m[49m[48;5;223m[30mT[39m[49m[48;5;159m[30mG[39m[49m[48;5;223m[30mT[39m[49m[48;5;223m[30mT[39m[49m[48;5;157m[30mC[39m[49m[48;5;157m[30mC[39m[49m[48;5;217m[30mA[39m[49m[48;5;159m[30mG[39m[49m[48;5;223m[30mT[39m[49m[48;5;223m[30mT[39m[49m[48;5;223m[30mT[39m[49m[48;5;217m[30mA[39m[49m[48;5;217m[30mA[39m[49m[48;5;159m[30mG[39m[49m[48;5;159m[30mG[39m[49m[48;5;159m[30mG[39m[49m[48;5;157m[30mC[39m[49m[48;5;159m[30mG[39m[49m[48;5;217m[30mA[39m[49m[48;5;159m[30mG[39m[49m[48;5;223m[30mT[39m[49m[48;5;159m[30mG[39m[49m[48;5;157m[30mC[39m[49m[48;5;223m[30mT[39m[49m[48;5;217m[30mA[39m[49m[48;5;157m[30mC[39m[49m[48;5;223m[30mT[39m[49m[48;5;223m[30mT[39m[49m[48;5;157m[30mC[39m[49m[48;5;217m[30mA[39m[49m[48;5;157m[30mC[39m[49m[48;5;157m[30mC[39m[49m[48;5;217m[30mA[39m[49m[48;5;217m[30mA[39m[49m[48;5;157m[30mC[39m[49m[48;5;159m[30mG[39m[49m[48;5;159m[30mG[39m[49m[48;5;159m[30mG[39m[49m[48;5;217m[30mA[39m[49m[48;5;157m[30mC[39m[49m[48;5;159m[30mG[39m[49m[48;5;159m[30mG[39m[49m[48;5;217m[30mA[39m[49m[48;5;159m[30mG[39m[49m[48;5;157m[30mC[39m[49m[48;5;159m[30mG[39m[49m...[48;5;217m[30mA[39m[49m[48;5;157m[30mC[39m[49m[48;5;159m[30mG[39m[49m[48;5;159m[30mG[39m[49m[48;5;223m[30mT[39m[49m[48;5;159m[30mG[39m[49m[48;5;223m[30mT[39m[49m[48;5;159m[30mG[39m[49m[48;5;157m[30mC[39m[49m[48;5;217m[30mA[39m[49m[48;5;159m[30mG[39m[49m[48;5;217m[30mA[39m[49m[48;5;157m[30mC[39m[49m[48;5;217m[30mA[39m[49m[48;5;157m[30mC[39m[49m[48;5;217m[30mA[39m[49m[48;5;217m[30mA[39m[49m[48;5;157m[30mC[39m[49m[48;5;223m[30mT[39m[49m[48;5;217m[30mA[39m[49m[48;5;223m[30mT[39m[49m[48;5;159m[30mG[39m[49m[48;5;159m[30mG[39m[49m[48;5;159m[30mG[39m[49m[48;5;217m[30mA[39m[49m[48;5;217m[30mA[39m[49m[48;5;223m[30mT[39m[49m[48;5;159m[30mG[39m[49m[48;5;217m[30mA[39m[49m[48;5;159m[30mG[39m[49m[48;5;159m[30mG[39m[49m[48;5;159m[30mG[39m[49m[48;5;159m[30mG[39m[49m[48;5;217m[30mA[39m[49m[48;5;159m[30mG[39m[49m[48;5;217m[30mA[39m[49m[48;5;217m[30mA[39m[49m[48;5;157m[30mC[39m[49m[48;5;159m[30mG[39m[49m[48;5;217m[30mA[39m[49m[48;5;157m[30mC[39m[49m[48;5;157m[30mC[39m[49m[48;5;223m[30mT[39m[49m[48;5;223m[30mT[39m[49m[48;5;159m[30mG[39m[49m[48;5;157m[30mC[39m[49m[48;5;217m[30mA[39m[49m[48;5;159m[30mG[39m[49m[48;5;157m[30mC[39m[49m[48;5;159m[30mG[39m[49m[48;5;159m[30mG[39m[49m[48;5;157m[30mC[39m[49m[48;5;159m[30mG[39m[49m[48;5;217m[30mA[39m[49m[48;5;159m[30mG[39m[49m"
"1"," "
"1",""
"1","AGF11008-C1-I_Klo..."
"1","
"
"1","[3]"
"1",""
"1"," "
"1",""
"1","  270"
"1",""
"1"," "
"1",""
"1","[48;5;217m[30mA[39m[49m[48;5;159m[30mG[39m[49m[48;5;159m[30mG[39m[49m[48;5;217m[30mA[39m[49m[48;5;223m[30mT[39m[49m[48;5;223m[30mT[39m[49m[48;5;223m[30mT[39m[49m[48;5;157m[30mC[39m[49m[48;5;159m[30mG[39m[49m[48;5;223m[30mT[39m[49m[48;5;159m[30mG[39m[49m[48;5;223m[30mT[39m[49m[48;5;223m[30mT[39m[49m[48;5;157m[30mC[39m[49m[48;5;157m[30mC[39m[49m[48;5;217m[30mA[39m[49m[48;5;159m[30mG[39m[49m[48;5;223m[30mT[39m[49m[48;5;223m[30mT[39m[49m[48;5;223m[30mT[39m[49m[48;5;217m[30mA[39m[49m[48;5;217m[30mA[39m[49m[48;5;159m[30mG[39m[49m[48;5;159m[30mG[39m[49m[48;5;159m[30mG[39m[49m[48;5;157m[30mC[39m[49m[48;5;159m[30mG[39m[49m[48;5;217m[30mA[39m[49m[48;5;159m[30mG[39m[49m[48;5;223m[30mT[39m[49m[48;5;159m[30mG[39m[49m[48;5;157m[30mC[39m[49m[48;5;223m[30mT[39m[49m[48;5;217m[30mA[39m[49m[48;5;157m[30mC[39m[49m[48;5;223m[30mT[39m[49m[48;5;223m[30mT[39m[49m[48;5;157m[30mC[39m[49m[48;5;217m[30mA[39m[49m[48;5;157m[30mC[39m[49m[48;5;157m[30mC[39m[49m[48;5;217m[30mA[39m[49m[48;5;217m[30mA[39m[49m[48;5;157m[30mC[39m[49m[48;5;159m[30mG[39m[49m[48;5;159m[30mG[39m[49m[48;5;159m[30mG[39m[49m[48;5;217m[30mA[39m[49m[48;5;157m[30mC[39m[49m[48;5;159m[30mG[39m[49m[48;5;159m[30mG[39m[49m[48;5;217m[30mA[39m[49m[48;5;159m[30mG[39m[49m[48;5;157m[30mC[39m[49m[48;5;159m[30mG[39m[49m...[48;5;217m[30mA[39m[49m[48;5;157m[30mC[39m[49m[48;5;159m[30mG[39m[49m[48;5;159m[30mG[39m[49m[48;5;223m[30mT[39m[49m[48;5;159m[30mG[39m[49m[48;5;223m[30mT[39m[49m[48;5;159m[30mG[39m[49m[48;5;157m[30mC[39m[49m[48;5;217m[30mA[39m[49m[48;5;159m[30mG[39m[49m[48;5;217m[30mA[39m[49m[48;5;157m[30mC[39m[49m[48;5;217m[30mA[39m[49m[48;5;157m[30mC[39m[49m[48;5;217m[30mA[39m[49m[48;5;217m[30mA[39m[49m[48;5;157m[30mC[39m[49m[48;5;223m[30mT[39m[49m[48;5;217m[30mA[39m[49m[48;5;223m[30mT[39m[49m[48;5;159m[30mG[39m[49m[48;5;159m[30mG[39m[49m[48;5;159m[30mG[39m[49m[48;5;217m[30mA[39m[49m[48;5;217m[30mA[39m[49m[48;5;223m[30mT[39m[49m[48;5;159m[30mG[39m[49m[48;5;217m[30mA[39m[49m[48;5;159m[30mG[39m[49m[48;5;159m[30mG[39m[49m[48;5;217m[30mA[39m[49m[48;5;159m[30mG[39m[49m[48;5;217m[30mA[39m[49m[48;5;159m[30mG[39m[49m[48;5;217m[30mA[39m[49m[48;5;217m[30mA[39m[49m[48;5;157m[30mC[39m[49m[48;5;159m[30mG[39m[49m[48;5;217m[30mA[39m[49m[48;5;157m[30mC[39m[49m[48;5;157m[30mC[39m[49m[48;5;223m[30mT[39m[49m[48;5;223m[30mT[39m[49m[48;5;159m[30mG[39m[49m[48;5;157m[30mC[39m[49m[48;5;217m[30mA[39m[49m[48;5;159m[30mG[39m[49m[48;5;157m[30mC[39m[49m[48;5;159m[30mG[39m[49m[48;5;159m[30mG[39m[49m[48;5;157m[30mC[39m[49m[48;5;159m[30mG[39m[49m[48;5;217m[30mA[39m[49m[48;5;159m[30mG[39m[49m"
"1"," "
"1",""
"1","AGF11008-C1-I_Klo..."
"1","
"
"1","[4]"
"1",""
"1"," "
"1",""
"1","  270"
"1",""
"1"," "
"1",""
"1","[48;5;217m[30mA[39m[49m[48;5;159m[30mG[39m[49m[48;5;159m[30mG[39m[49m[48;5;217m[30mA[39m[49m[48;5;223m[30mT[39m[49m[48;5;223m[30mT[39m[49m[48;5;223m[30mT[39m[49m[48;5;157m[30mC[39m[49m[48;5;159m[30mG[39m[49m[48;5;223m[30mT[39m[49m[48;5;159m[30mG[39m[49m[48;5;223m[30mT[39m[49m[48;5;223m[30mT[39m[49m[48;5;157m[30mC[39m[49m[48;5;157m[30mC[39m[49m[48;5;217m[30mA[39m[49m[48;5;159m[30mG[39m[49m[48;5;223m[30mT[39m[49m[48;5;223m[30mT[39m[49m[48;5;223m[30mT[39m[49m[48;5;217m[30mA[39m[49m[48;5;217m[30mA[39m[49m[48;5;159m[30mG[39m[49m[48;5;159m[30mG[39m[49m[48;5;159m[30mG[39m[49m[48;5;157m[30mC[39m[49m[48;5;159m[30mG[39m[49m[48;5;217m[30mA[39m[49m[48;5;159m[30mG[39m[49m[48;5;223m[30mT[39m[49m[48;5;159m[30mG[39m[49m[48;5;157m[30mC[39m[49m[48;5;223m[30mT[39m[49m[48;5;217m[30mA[39m[49m[48;5;157m[30mC[39m[49m[48;5;223m[30mT[39m[49m[48;5;223m[30mT[39m[49m[48;5;157m[30mC[39m[49m[48;5;217m[30mA[39m[49m[48;5;157m[30mC[39m[49m[48;5;157m[30mC[39m[49m[48;5;217m[30mA[39m[49m[48;5;217m[30mA[39m[49m[48;5;157m[30mC[39m[49m[48;5;159m[30mG[39m[49m[48;5;159m[30mG[39m[49m[48;5;159m[30mG[39m[49m[48;5;217m[30mA[39m[49m[48;5;157m[30mC[39m[49m[48;5;159m[30mG[39m[49m[48;5;159m[30mG[39m[49m[48;5;217m[30mA[39m[49m[48;5;159m[30mG[39m[49m[48;5;157m[30mC[39m[49m[48;5;159m[30mG[39m[49m...[48;5;217m[30mA[39m[49m[48;5;157m[30mC[39m[49m[48;5;159m[30mG[39m[49m[48;5;159m[30mG[39m[49m[48;5;223m[30mT[39m[49m[48;5;159m[30mG[39m[49m[48;5;223m[30mT[39m[49m[48;5;159m[30mG[39m[49m[48;5;157m[30mC[39m[49m[48;5;217m[30mA[39m[49m[48;5;159m[30mG[39m[49m[48;5;217m[30mA[39m[49m[48;5;157m[30mC[39m[49m[48;5;217m[30mA[39m[49m[48;5;157m[30mC[39m[49m[48;5;217m[30mA[39m[49m[48;5;217m[30mA[39m[49m[48;5;157m[30mC[39m[49m[48;5;223m[30mT[39m[49m[48;5;217m[30mA[39m[49m[48;5;223m[30mT[39m[49m[48;5;159m[30mG[39m[49m[48;5;159m[30mG[39m[49m[48;5;159m[30mG[39m[49m[48;5;217m[30mA[39m[49m[48;5;217m[30mA[39m[49m[48;5;223m[30mT[39m[49m[48;5;159m[30mG[39m[49m[48;5;217m[30mA[39m[49m[48;5;159m[30mG[39m[49m[48;5;159m[30mG[39m[49m[48;5;217m[30mA[39m[49m[48;5;159m[30mG[39m[49m[48;5;217m[30mA[39m[49m[48;5;159m[30mG[39m[49m[48;5;217m[30mA[39m[49m[48;5;217m[30mA[39m[49m[48;5;157m[30mC[39m[49m[48;5;159m[30mG[39m[49m[48;5;217m[30mA[39m[49m[48;5;157m[30mC[39m[49m[48;5;157m[30mC[39m[49m[48;5;223m[30mT[39m[49m[48;5;223m[30mT[39m[49m[48;5;159m[30mG[39m[49m[48;5;157m[30mC[39m[49m[48;5;217m[30mA[39m[49m[48;5;159m[30mG[39m[49m[48;5;157m[30mC[39m[49m[48;5;159m[30mG[39m[49m[48;5;159m[30mG[39m[49m[48;5;157m[30mC[39m[49m[48;5;159m[30mG[39m[49m[48;5;217m[30mA[39m[49m[48;5;159m[30mG[39m[49m"
"1"," "
"1",""
"1","AGF11008-C1-I_Klo..."
"1","
"
"1","[5]"
"1",""
"1"," "
"1",""
"1","  270"
"1",""
"1"," "
"1",""
"1","[48;5;217m[30mA[39m[49m[48;5;159m[30mG[39m[49m[48;5;159m[30mG[39m[49m[48;5;217m[30mA[39m[49m[48;5;223m[30mT[39m[49m[48;5;223m[30mT[39m[49m[48;5;223m[30mT[39m[49m[48;5;157m[30mC[39m[49m[48;5;159m[30mG[39m[49m[48;5;223m[30mT[39m[49m[48;5;159m[30mG[39m[49m[48;5;223m[30mT[39m[49m[48;5;223m[30mT[39m[49m[48;5;157m[30mC[39m[49m[48;5;157m[30mC[39m[49m[48;5;217m[30mA[39m[49m[48;5;159m[30mG[39m[49m[48;5;223m[30mT[39m[49m[48;5;223m[30mT[39m[49m[48;5;223m[30mT[39m[49m[48;5;217m[30mA[39m[49m[48;5;217m[30mA[39m[49m[48;5;159m[30mG[39m[49m[48;5;159m[30mG[39m[49m[48;5;159m[30mG[39m[49m[48;5;157m[30mC[39m[49m[48;5;159m[30mG[39m[49m[48;5;217m[30mA[39m[49m[48;5;159m[30mG[39m[49m[48;5;223m[30mT[39m[49m[48;5;159m[30mG[39m[49m[48;5;157m[30mC[39m[49m[48;5;223m[30mT[39m[49m[48;5;217m[30mA[39m[49m[48;5;157m[30mC[39m[49m[48;5;223m[30mT[39m[49m[48;5;223m[30mT[39m[49m[48;5;157m[30mC[39m[49m[48;5;217m[30mA[39m[49m[48;5;157m[30mC[39m[49m[48;5;157m[30mC[39m[49m[48;5;217m[30mA[39m[49m[48;5;217m[30mA[39m[49m[48;5;157m[30mC[39m[49m[48;5;159m[30mG[39m[49m[48;5;159m[30mG[39m[49m[48;5;159m[30mG[39m[49m[48;5;217m[30mA[39m[49m[48;5;157m[30mC[39m[49m[48;5;159m[30mG[39m[49m[48;5;159m[30mG[39m[49m[48;5;217m[30mA[39m[49m[48;5;159m[30mG[39m[49m[48;5;157m[30mC[39m[49m[48;5;159m[30mG[39m[49m...[48;5;217m[30mA[39m[49m[48;5;157m[30mC[39m[49m[48;5;159m[30mG[39m[49m[48;5;159m[30mG[39m[49m[48;5;223m[30mT[39m[49m[48;5;159m[30mG[39m[49m[48;5;223m[30mT[39m[49m[48;5;159m[30mG[39m[49m[48;5;157m[30mC[39m[49m[48;5;217m[30mA[39m[49m[48;5;159m[30mG[39m[49m[48;5;217m[30mA[39m[49m[48;5;157m[30mC[39m[49m[48;5;217m[30mA[39m[49m[48;5;157m[30mC[39m[49m[48;5;217m[30mA[39m[49m[48;5;217m[30mA[39m[49m[48;5;157m[30mC[39m[49m[48;5;223m[30mT[39m[49m[48;5;217m[30mA[39m[49m[48;5;223m[30mT[39m[49m[48;5;159m[30mG[39m[49m[48;5;159m[30mG[39m[49m[48;5;159m[30mG[39m[49m[48;5;217m[30mA[39m[49m[48;5;217m[30mA[39m[49m[48;5;223m[30mT[39m[49m[48;5;159m[30mG[39m[49m[48;5;217m[30mA[39m[49m[48;5;159m[30mG[39m[49m[48;5;159m[30mG[39m[49m[48;5;217m[30mA[39m[49m[48;5;159m[30mG[39m[49m[48;5;217m[30mA[39m[49m[48;5;159m[30mG[39m[49m[48;5;217m[30mA[39m[49m[48;5;217m[30mA[39m[49m[48;5;157m[30mC[39m[49m[48;5;159m[30mG[39m[49m[48;5;217m[30mA[39m[49m[48;5;157m[30mC[39m[49m[48;5;157m[30mC[39m[49m[48;5;223m[30mT[39m[49m[48;5;223m[30mT[39m[49m[48;5;159m[30mG[39m[49m[48;5;157m[30mC[39m[49m[48;5;217m[30mA[39m[49m[48;5;159m[30mG[39m[49m[48;5;157m[30mC[39m[49m[48;5;159m[30mG[39m[49m[48;5;159m[30mG[39m[49m[48;5;157m[30mC[39m[49m[48;5;159m[30mG[39m[49m[48;5;217m[30mA[39m[49m[48;5;159m[30mG[39m[49m"
"1"," "
"1",""
"1","AGF11008-C1-I_Klo..."
"1","
"
"1","[6]"
"1",""
"1"," "
"1",""
"1","AGF11008-C1-I_Klo..."
"1","
"
